id,user,category
1,user123,"Los avances en IA están revolucionando la forma en que interactuamos con la tecnología."
2,coolcat,"Me encanta explorar nuevas aplicaciones de IA para mejorar la eficiencia en el trabajo."
3,techlover12,"¿Alguien ha probado alguna aplicación de IA para el aprendizaje automático?"
4,foodiegirl,"Aunque mi pasión es la comida, no puedo evitar fascinarme por los avances en IA."
5,code_ninja,"Trabajando en un proyecto de IA para predecir patrones de comportamiento del usuario."
6,healthy_eater,"¿Se están utilizando algoritmos de IA para crear recetas saludables?"
7,tech_enthusiast,"¡La IA es el futuro! Estoy emocionado por ver qué innovaciones nos esperan."
8,foodlover22,"Incluso en el mundo de la gastronomía, la IA está presente. ¿Alguna recomendación?"
9,programming_pro,"Desarrollando un nuevo algoritmo de IA para mejorar la seguridad en línea."
10,culinary_artist,"¿Se pueden utilizar redes neuronales para mejorar la presentación de platos?"
11,gadget_guru,"La IA es como la magia moderna, ¡me encanta sumergirme en su mundo!"
12,taste_expert,"Curioso por saber si la IA puede ayudar a descubrir nuevos sabores y combinaciones."
13,cyber_geek,"La ciberseguridad y la IA van de la mano en la lucha contra las amenazas digitales."
14,organic_foodie,"¿Se puede utilizar IA para optimizar la producción de alimentos orgánicos?"
15,design_enthusiast,"Explorando el papel de la IA en el diseño de interfaces de usuario intuitivas."
16,spice_master,"¿Existe algún sistema de IA que pueda recomendar combinaciones de especias?"
17,innovation_seeker,"La IA es el motor detrás de la próxima ola de innovación tecnológica."
18,vegan_voyager,"Interesado en cómo la IA puede contribuir a la expansión de opciones veganas."
19,software_savvy,"¿Cuál es el último avance en algoritmos de IA para reconocimiento de voz?"
20,gastronomy_aficionado,"¿Se pueden utilizar algoritmos de IA para personalizar experiencias gastronómicas?"
